model,micro_precision,micro_recall,micro_f1,top1_primary_first_acc,any_primary_recall,avg_n_pred,tp,fp,fn,n_cases,target
gpt-oss-120b,0.5425531914893617,0.7391304347826086,0.6257668711656441,0.8461538461538461,0.8846153846153846,1.8076923076923077,51,43,18,52,primary
gpt-5.2-chat,0.49523809523809526,0.7536231884057971,0.5977011494252874,0.8653846153846154,0.9230769230769231,2.019230769230769,52,53,17,52,primary
gemini-3-pro-preview,0.49038461538461536,0.7391304347826086,0.5895953757225433,0.7884615384615384,0.8653846153846154,2.0,51,53,18,52,primary
llama-4-scout,0.25663716814159293,0.8405797101449275,0.39322033898305087,0.75,0.9423076923076923,4.346153846153846,58,168,11,52,primary
gpt-5.1,0.16138328530259366,0.8115942028985508,0.2692307692307693,0.8269230769230769,0.9038461538461539,6.673076923076923,56,291,13,52,primary
