model,micro_precision,micro_recall,micro_f1,top1_primary_first_acc,any_primary_recall,avg_n_pred,tp,fp,fn,n_cases,target
llama-4-scout,0.48514851485148514,0.7101449275362319,0.5764705882352941,0.7115384615384616,0.8461538461538461,1.9423076923076923,49,52,20,52,primary
gpt-5.2-chat,0.45871559633027525,0.7246376811594203,0.5617977528089888,0.8076923076923077,0.8461538461538461,2.0961538461538463,50,59,19,52,primary
gpt-5.1-chat,0.40298507462686567,0.782608695652174,0.5320197044334976,0.8846153846153846,0.9230769230769231,2.576923076923077,54,80,15,52,primary
gpt-oss-120b,0.4144144144144144,0.6666666666666666,0.5111111111111111,0.7692307692307693,0.7692307692307693,2.1346153846153846,46,65,23,52,primary
gemini-3-pro-preview,0.3541666666666667,0.7391304347826086,0.4788732394366197,0.75,0.8653846153846154,2.769230769230769,51,93,18,52,primary
